id,語,語義,読み,カテゴリ,意味（ふつうの日本語）,近い語,例文
1,うれしい,,うれしい,基本,望んでいたことが実現したり、良いことが起きたりして気分が明るくなる,たのしい／満足／ありがたい,合格の知らせが届いてうれしい。
2,たのしい,,たのしい,基本,今していることそのものが心地よく、ずっと続けていたいと思う,うれしい／おもしろい／ワクワク,友達と話していると時間を忘れるほどたのしい。
3,おもしろい,,おもしろい,基本,予想外の展開や新しい発見に関心を引かれ、心が動く,たのしい／気になる／おどろく,この本は展開が読めなくておもしろい。
4,かなしい,,かなしい,基本,大切なものを失ったり望みが絶たれたりして、心が沈む,さみしい／せつない／がっかり,飼っていた犬が死んでかなしい。
5,怒り,,いかり,基本,不当な扱いや邪魔をされて、相手や状況に強く反発する,イライラ／くやしい／いやだ,約束を何度も破られて怒りがこみ上げた。
6,こわい,危険,こわい,基本,危険や害が迫っていると思い、身構える,不安／ハラハラ／緊張,夜道で後ろから足音がしてこわかった。
7,こわい,畏れ,こわい,基本,人の力が及ばない大きなものを前にして、近づきがたく、つつしむ思いになる,尊敬／おどろく／緊張,嵐の海を前にして、自然の力がこわいと思った。
8,おどろく,,おどろく,基本,予想していなかったことが突然起きて、一瞬思考が止まる,ドキドキ／とまどう／おもしろい,急に名前を呼ばれておどろいた。
9,いやだ,,いやだ,基本,受け入れたくないものを遠ざけたい、避けたいと思う,きらい／面倒くさい／気まずい,雨の日の満員電車はいやだ。
10,安心,,あんしん,基本,心配していたことが起きない、または起きないとわかって緊張がほどける,肩の荷が下りる／満足／不安,検査の結果が問題なしで安心した。
11,満足,,まんぞく,基本,求めていたものが十分に得られて、それ以上を望まない,うれしい／安心／物足りない,おいしい料理をお腹いっぱい食べて満足した。
12,不安,,ふあん,基本,この先どうなるかわからず、悪い結果を想像して落ち着かない,こわい／ソワソワ／焦り,明日のプレゼンがうまくいくか不安だ。
13,さみしい,,さみしい,基本,そばにいてほしい人やつながりが足りず、満たされない,かなしい／名残惜しい／心細い,一人暮らしを始めて夜がさみしい。
14,好き,,すき,基本,ある人や物に心が引かれ、近づきたい・関わりたいと思う,たのしい／尊敬／気になる,この曲のサビが好き。
15,きらい,,きらい,基本,ある人や物を受けつけず、関わりたくないと思う,いやだ／イライラ／面倒くさい,ピーマンがきらい。
16,退屈,,たいくつ,基本,することや刺激がなく、時間が長く思える,物足りない／むなしい／面倒くさい,待ち時間が長くて退屈だ。
17,緊張,,きんちょう,基本,大事な場面を前に、失敗しないよう体と心がこわばる,ドキドキ／不安／ハラハラ,面接の前は緊張で手が震えた。
18,気になる,好奇心,きになる,基本,あることに注意が向き、もっと知りたい・確かめたいと思う,おもしろい／好き／モヤモヤ,あの映画の結末がずっと気になっている。
19,気になる,心配,きになる,基本,悪いことになっていないか、頭から離れず落ち着かない,不安／ソワソワ／モヤモヤ,昨日から咳をしていた母の体調が気になる。
20,とまどう,,とまどう,基本,どうすればいいかわからず、判断や行動が止まってしまう,おどろく／モヤモヤ／気まずい,急に話を振られてとまどった。
21,くやしい,,くやしい,複合・社会的,自分ならできたはずなのに負けたり失敗したりして、結果を受け入れられない,後悔／怒り／劣等感,あと一点で負けてくやしい。
22,はずかしい,失敗,はずかしい,複合・社会的,自分の失敗や欠点を人に見られて、隠れたくなる,気まずい／いたたまれない／申し訳ない,人前で転んではずかしかった。
23,はずかしい,照れ,はずかしい,複合・社会的,ほめられたり注目されたりして、くすぐったく落ち着かない,うれしい／ドキドキ／誇らしい,大勢の前でほめられて、はずかしくて顔が赤くなった。
24,誇らしい,,ほこらしい,複合・社会的,自分や身近な人の成果が認められ、胸を張りたくなる,うれしい／満足／尊敬,娘が表彰されて誇らしい。
25,申し訳ない,,もうしわけない,複合・社会的,自分のせいで相手に迷惑や損をかけたと思い、償いたくなる,後悔／気まずい／胸が痛い,待たせてしまって申し訳ない。
26,うらやましい,,うらやましい,複合・社会的,他人が持っているものを、自分も持ちたいと思う,嫉妬／劣等感／くやしい,海外旅行に行ける友達がうらやましい。
27,嫉妬,,しっと,複合・社会的,自分のものだと思っていたものや立場を他人に奪われそうで、相手を敵視する,うらやましい／不安／怒り,恋人が他の人と楽しそうに話していて嫉妬した。
28,ありがたい,,ありがたい,複合・社会的,相手が自分のために何かをしてくれたことを受け止め、お返しをしたいと思う,うれしい／申し訳ない／尊敬,忙しいのに手伝ってもらえてありがたい。
29,気まずい,,きまずい,複合・社会的,相手との間の空気がぎこちなく、どう振る舞えばいいかわからない,はずかしい／いたたまれない／とまどう,けんかした翌日に顔を合わせるのが気まずい。
30,後悔,,こうかい,複合・社会的,過去の自分の選択が間違っていたと思い、やり直したいと思う,くやしい／申し訳ない／やるせない,もっと勉強しておけばよかったと後悔している。
31,あきらめ,,あきらめ,複合・社会的,望みはかなわないと判断して、追い求めるのをやめる,がっかり／むなしい／やるせない,何度挑戦しても届かず、あきらめがついた。
32,焦り,,あせり,複合・社会的,時間や余裕が足りず、早くしなければと気がせく,不安／イライラ／ソワソワ,締め切りが迫って焦りが出てきた。
33,尊敬,,そんけい,複合・社会的,相手の能力や人柄を自分より優れていると認め、見習いたいと思う,誇らしい／ありがたい／うらやましい,黙々と努力を続ける先輩を尊敬している。
34,劣等感,,れっとうかん,複合・社会的,他人と比べて自分が劣っていると思い、自信をなくす,うらやましい／くやしい／はずかしい,周りが優秀すぎて劣等感を覚える。
35,せつない,,せつない,日本語ならでは,大切なものが手に入らない、または失われていくとわかっていて、胸がしめつけられる,かなしい／なつかしい／やるせない,卒業式の帰り道、もう皆で集まることはないと思うとせつない。
36,なつかしい,,なつかしい,日本語ならでは,過去の良い記憶がよみがえり、もう戻れないことも含めて温かく思い出す,せつない／名残惜しい／うれしい,昔よく遊んだ公園を通りかかってなつかしくなった。
37,もどかしい,,もどかしい,日本語ならでは,思うように進まない・伝わらないことに、じれったさを覚える,イライラ／焦り／モヤモヤ,言いたいことがうまく言葉にならなくてもどかしい。
38,いたたまれない,,いたたまれない,日本語ならでは,その場にいることが耐えられないほど、居心地が悪い,気まずい／はずかしい／胸が痛い,自分のミスで皆が残業になり、いたたまれない。
39,やるせない,,やるせない,日本語ならでは,どうにもできない状況に対して、気持ちのやり場がない,むなしい／せつない／あきらめ,努力が報われない友人を見ているとやるせない。
40,むなしい,,むなしい,日本語ならでは,やったことに意味や手ごたえがなく、空っぽに思える,やるせない／退屈／がっかり,頑張って作った資料が使われず、むなしい。
41,名残惜しい,,なごりおしい,日本語ならでは,楽しかった時間や場所から離れるのが惜しく、まだ終わってほしくない,さみしい／なつかしい／せつない,旅行の最終日はいつも名残惜しい。
42,物足りない,,ものたりない,日本語ならでは,悪くはないが、期待していたほどには満たされない,がっかり／退屈／満足,味は悪くないが量が少なくて物足りない。
43,面倒くさい,,めんどうくさい,日本語ならでは,やる必要はわかっているが、手間に見合わないと思えて気が進まない,いやだ／退屈／きらい,部屋の片付けが面倒くさい。
44,甘え,,あまえ,日本語ならでは,相手が受け入れてくれると思って、遠慮なく頼ったり、わがままを言ったりしたくなる,好き／心細い／ありがたい,疲れた日は、つい家族に甘えてしまう。
45,心細い,,こころぼそい,日本語ならでは,頼れるものや支えが少なく、この先を一人で乗り切れるか不安になる,不安／さみしい／甘え,知らない土地で道に迷い、心細くなった。
46,ドキドキ,,どきどき,オノマトペ・からだの表現,期待や緊張、恋などで鼓動が速くなるような高ぶり,緊張／ワクワク／ハラハラ,告白の返事を待つ間ずっとドキドキしていた。
47,ワクワク,,わくわく,オノマトペ・からだの表現,これから起きる良いことを期待して、気持ちが弾む,たのしい／ドキドキ／気になる,明日からの旅行にワクワクしている。
48,イライラ,,いらいら,オノマトペ・からだの表現,思いどおりにならないことが続いて、小さな刺激にも反応しやすくなる,怒り／もどかしい／焦り,電車が遅れていてイライラする。
49,モヤモヤ,,もやもや,オノマトペ・からだの表現,何かが引っかかっているが、それが何なのかはっきりせず、すっきりしない,とまどう／もどかしい／気になる,彼の言い方がなんとなくモヤモヤする。
50,ハラハラ,,はらはら,オノマトペ・からだの表現,人や物事が失敗しそうで、見ていて落ち着かない,ドキドキ／不安／こわい,子どもが高い所に登っていてハラハラした。
51,ソワソワ,,そわそわ,オノマトペ・からだの表現,何かが気になったり待ちきれなかったりして、じっとしていられない,ワクワク／不安／焦り,結果発表が近づいてソワソワする。
52,がっかり,,がっかり,オノマトペ・からだの表現,期待していたことが外れて、気持ちが落ちる,かなしい／物足りない／むなしい,楽しみにしていたライブが中止になってがっかりした。
53,胸が痛い,,むねがいたい,オノマトペ・からだの表現,誰かのつらさや自分の過ちを思って、心が苦しくなる,申し訳ない／かなしい／せつない,被災地のニュースを見ると胸が痛い。
54,胸がいっぱい,,むねがいっぱい,オノマトペ・からだの表現,うれしさや感動が大きすぎて、言葉にならない,うれしい／ありがたい／せつない,皆からの寄せ書きを読んで胸がいっぱいになった。
55,肩の荷が下りる,,かたのにがおりる,オノマトペ・からだの表現,背負っていた責任や負担から解放されて楽になる,安心／満足／誇らしい,大きなプロジェクトを無事に終えて肩の荷が下りた。
